{"course": "course_1", "videos": ["course_1_01.01", "course_1_02.01", "course_1_02.02", "course_1_02.03", "course_1_02.04", "course_1_02.06", "course_1_03.01", "course_1_03.02", "course_1_03.03", "course_1_03.04", "course_1_03.05", "course_1_03.06", "course_1_03.07", "course_1_03.09", "course_1_04.01", "course_1_04.02", "course_1_04.03", "course_1_04.04", "course_1_04.07", "course_1_04.08", "course_1_05.01", "course_1_05.02", "course_1_05.03", "course_1_05.04", "course_1_05.05", "course_1_05.06", "course_1_05.08", "course_1_06.01", "course_1_06.02", "course_1_06.03", "course_1_06.04", "course_1_06.05", "course_1_06.06", "course_1_06.07", "course_1_06.08", "course_1_06.10", "course_1_06.11", "course_1_07.01", "course_1_07.02", "course_1_07.03", "course_1_07.04", "course_1_07.05", "course_1_07.07", "course_1_08.01", "course_1_08.02", "course_1_08.03", "course_1_08.04", "course_1_08.05", "course_1_08.07", "course_1_09.01", "course_1_09.02", "course_1_09.03", "course_1_09.04", "course_1_09.05", "course_1_09.08", "course_1_09.09", "course_1_10.01", "course_1_10.02", "course_1_10.03", "course_1_10.04", "course_1_10.05", "course_1_10.06", "course_1_10.07", "course_1_10.08", "course_1_10.09", "course_1_10.10", "course_1_10.11", "course_1_11.01", "course_1_11.02"]}
{"course": "course_2", "videos": ["course_2_01.01", "course_2_01.02", "course_2_01.03", "course_2_01.04", "course_2_01.05", "course_2_01.06", "course_2_01.07", "course_2_02.01", "course_2_02.02", "course_2_02.03", "course_2_02.04", "course_2_02.05", "course_2_03.01", "course_2_03.02", "course_2_03.03", "course_2_03.04", "course_2_03.05", "course_2_03.06", "course_2_04.01", "course_2_04.02", "course_2_04.03", "course_2_04.04", "course_2_04.05", "course_2_04.06", "course_2_04.07", "course_2_04.08", "course_2_04.09", "course_2_04.10", "course_2_04.11", "course_2_04.12", "course_2_04.13", "course_2_04.14", "course_2_04.15", "course_2_05.01", "course_2_05.02", "course_2_05.03", "course_2_05.04", "course_2_05.05", "course_2_05.06", "course_2_05.07", "course_2_05.08", "course_2_05.09", "course_2_05.10", "course_2_05.11", "course_2_05.12", "course_2_06.01", "course_2_06.02", "course_2_06.03", "course_2_06.04", "course_2_06.05", "course_2_06.06", "course_2_06.07", "course_2_06.08", "course_2_06.09", "course_2_07.01", "course_2_07.02", "course_2_07.03", "course_2_07.04", "course_2_07.05", "course_2_07.06", "course_2_07.07", "course_2_07.08", "course_2_08.01", "course_2_08.02", "course_2_08.03", "course_2_08.04", "course_2_08.05", "course_2_08.06", "course_2_08.07", "course_2_08.08", "course_2_08.09", "course_2_08.10", "course_2_08.11"]}
{"course": "course_3", "videos": ["course_3_01.01", "course_3_01.02", "course_3_01.03", "course_3_01.04", "course_3_01.05", "course_3_01.06", "course_3_01.07", "course_3_01.08", "course_3_01.10", "course_3_02.01", "course_3_02.02", "course_3_02.03", "course_3_02.04", "course_3_02.05", "course_3_02.06", "course_3_02.07", "course_3_02.09", "course_3_03.01", "course_3_03.02", "course_3_03.03", "course_3_03.04", "course_3_03.05", "course_3_03.06", "course_3_03.07", "course_3_03.08", "course_3_03.09", "course_3_03.10", "course_3_03.11", "course_3_03.13", "course_3_04.01", "course_3_04.02", "course_3_04.03", "course_3_04.04", "course_3_04.05", "course_3_04.06", "course_3_04.07", "course_3_04.08", "course_3_04.09", "course_3_04.10", "course_3_04.12", "course_3_05.01", "course_3_05.02", "course_3_05.03", "course_3_05.04", "course_3_05.05", "course_3_05.06", "course_3_05.07", "course_3_05.09", "course_3_06.01", "course_3_06.02", "course_3_06.03", "course_3_06.04", "course_3_06.05", "course_3_06.06", "course_3_06.08"]}
{"course": "course_4", "videos": ["course_4_02.01", "course_4_02.03", "course_4_03.01", "course_4_03.02", "course_4_04.01", "course_4_04.02", "course_4_05.01", "course_4_05.02", "course_4_07.01", "course_4_07.02", "course_4_08.01", "course_4_09.01", "course_4_09.02", "course_4_10.01", "course_4_10.02", "course_4_11.01"]}
{"course": "course_5", "videos": ["course_5_01.01", "course_5_01.03", "course_5_02.01", "course_5_02.02", "course_5_02.03", "course_5_03.01", "course_5_03.02", "course_5_03.03", "course_5_04.01", "course_5_04.02", "course_5_04.03", "course_5_04.04", "course_5_04.05", "course_5_05.01", "course_5_05.02", "course_5_05.03", "course_5_05.04", "course_5_05.05", "course_5_06.01", "course_5_06.02", "course_5_06.03", "course_5_06.04", "course_5_06.05", "course_5_06.06", "course_5_07.01", "course_5_07.02", "course_5_07.03", "course_5_07.04", "course_5_07.05", "course_5_07.06", "course_5_07.07", "course_5_08.01", "course_5_08.02", "course_5_08.03", "course_5_08.04", "course_5_08.05", "course_5_08.06", "course_5_08.07", "course_5_08.08", "course_5_09.01", "course_5_09.02", "course_5_09.03", "course_5_09.04"]}
{"course": "course_6", "videos": ["course_6_01.01", "course_6_01.03", "course_6_08.01", "course_6_08.02", "course_6_08.03", "course_6_08.04", "course_6_08.05", "course_6_08.06", "course_6_08.07", "course_6_08.08", "course_6_08.09", "course_6_09.01", "course_6_09.02", "course_6_09.03", "course_6_09.04", "course_6_09.05", "course_6_09.06", "course_6_10.01", "course_6_10.02", "course_6_10.03", "course_6_10.04", "course_6_10.05", "course_6_10.06", "course_6_11.01", "course_6_11.02", "course_6_11.03", "course_6_11.04", "course_6_11.05", "course_6_12.01", "course_6_12.02", "course_6_12.03", "course_6_12.04", "course_6_12.05", "course_6_12.06", "course_6_12.07", "course_6_12.08", "course_6_12.09", "course_6_12.10", "course_6_13.01", "course_6_13.02", "course_6_13.03", "course_6_13.04", "course_6_13.05", "course_6_13.06", "course_6_13.07", "course_6_13.08", "course_6_13.09", "course_6_14.01", "course_6_14.02", "course_6_14.03", "course_6_14.04", "course_6_14.05", "course_6_14.06", "course_6_14.07", "course_6_14.08", "course_6_14.09", "course_6_15.01", "course_6_15.02", "course_6_15.03", "course_6_15.04", "course_6_15.05", "course_6_15.06", "course_6_15.07"]}
{"course": "course_7", "videos": ["course_7_01.01", "course_7_02.01", "course_7_02.02", "course_7_02.03", "course_7_02.04", "course_7_02.05", "course_7_02.06", "course_7_02.07", "course_7_03.01", "course_7_03.02", "course_7_03.03", "course_7_03.04", "course_7_03.05", "course_7_03.06", "course_7_03.07", "course_7_04.01", "course_7_04.02", "course_7_04.03", "course_7_04.04", "course_7_04.05", "course_7_04.06", "course_7_05.01", "course_7_05.02", "course_7_05.03", "course_7_05.04", "course_7_05.05", "course_7_05.06", "course_7_05.07", "course_7_05.08", "course_7_05.09", "course_7_06.01", "course_7_06.02", "course_7_06.03", "course_7_06.04", "course_7_06.05", "course_7_07.01", "course_7_07.02", "course_7_07.03", "course_7_07.04", "course_7_07.05", "course_7_07.06", "course_7_07.07", "course_7_08.01", "course_7_08.02", "course_7_08.03", "course_7_08.04", "course_7_08.05", "course_7_09.01", "course_7_09.02", "course_7_09.03", "course_7_09.04", "course_7_09.05", "course_7_09.06", "course_7_10.01", "course_7_10.02", "course_7_10.03", "course_7_10.04", "course_7_10.05", "course_7_10.06", "course_7_10.07", "course_7_11.01", "course_7_11.02", "course_7_11.03", "course_7_11.04", "course_7_11.05", "course_7_12.01", "course_7_12.02", "course_7_12.03", "course_7_12.04", "course_7_12.05", "course_7_12.06", "course_7_12.07", "course_7_12.08", "course_7_13.01", "course_7_13.02", "course_7_13.03", "course_7_13.04", "course_7_14.01", "course_7_14.02", "course_7_14.03", "course_7_14.04", "course_7_15.01", "course_7_15.02", "course_7_15.03", "course_7_15.04", "course_7_15.05", "course_7_15.06", "course_7_16.01", "course_7_16.02", "course_7_16.03", "course_7_16.04", "course_7_16.05", "course_7_16.06", "course_7_17.01", "course_7_17.02", "course_7_17.03", "course_7_17.04", "course_7_18.01", "course_7_18.02", "course_7_18.03", "course_7_18.04", "course_7_18.05", "course_7_19.01", "course_7_19.02", "course_7_19.03", "course_7_19.04", "course_7_19.05", "course_7_20.01", "course_7_20.02", "course_7_20.03", "course_7_20.04", "course_7_20.05", "course_7_21.01", "course_7_21.02", "course_7_21.03", "course_7_21.04", "course_7_21.05", "course_7_21.06", "course_7_21.07", "course_7_22.01", "course_7_22.02", "course_7_22.03", "course_7_22.04", "course_7_22.05", "course_7_22.06", "course_7_22.07", "course_7_23.01", "course_7_23.02", "course_7_23.03", "course_7_23.04", "course_7_23.05", "course_7_23.06", "course_7_24.01", "course_7_24.02", "course_7_24.03", "course_7_24.04", "course_7_24.05"]}
{"course": "course_8", "videos": ["course_8_01.01", "course_8_01.02", "course_8_01.03", "course_8_01.04", "course_8_01.05", "course_8_01.06", "course_8_02.01", "course_8_02.02", "course_8_02.03", "course_8_02.04", "course_8_02.05", "course_8_03.01", "course_8_03.02", "course_8_03.03", "course_8_03.04", "course_8_03.05", "course_8_03.06", "course_8_03.08", "course_8_03.09", "course_8_03.10", "course_8_03.11", "course_8_03.12", "course_8_03.13", "course_8_04.01", "course_8_04.02", "course_8_04.03", "course_8_04.04", "course_8_04.05", "course_8_04.06", "course_8_04.07", "course_8_04.08", "course_8_04.09", "course_8_05.01", "course_8_05.02", "course_8_05.03", "course_8_05.04", "course_8_05.05", "course_8_05.06", "course_8_05.07", "course_8_05.08", "course_8_06.01", "course_8_06.02", "course_8_06.03", "course_8_06.04", "course_8_06.05", "course_8_06.06", "course_8_06.07", "course_8_06.08", "course_8_06.09", "course_8_06.10", "course_8_06.11", "course_8_06.12", "course_8_06.13", "course_8_07.01", "course_8_07.02", "course_8_07.03", "course_8_07.04", "course_8_07.05", "course_8_07.06", "course_8_07.07", "course_8_07.08", "course_8_07.09", "course_8_08.01", "course_8_08.02", "course_8_08.03", "course_8_08.04", "course_8_08.05", "course_8_08.06", "course_8_08.07", "course_8_08.08", "course_8_08.09", "course_8_08.10", "course_8_08.11", "course_8_08.12", "course_8_08.13", "course_8_08.14", "course_8_08.15", "course_8_08.16"]}
{"course": "course_9", "videos": ["course_9_01.01", "course_9_01.02", "course_9_02.01", "course_9_02.02", "course_9_02.03", "course_9_02.04", "course_9_02.05", "course_9_02.06", "course_9_02.07", "course_9_02.08", "course_9_02.09", "course_9_02.10", "course_9_02.11", "course_9_02.12", "course_9_03.01", "course_9_03.02", "course_9_03.03", "course_9_03.04", "course_9_03.05", "course_9_03.06", "course_9_03.07", "course_9_04.01", "course_9_04.02", "course_9_04.03", "course_9_04.04", "course_9_04.05", "course_9_04.06", "course_9_04.07", "course_9_05.01", "course_9_05.02", "course_9_05.03", "course_9_05.04", "course_9_05.05", "course_9_05.06", "course_9_06.01", "course_9_06.02", "course_9_06.03", "course_9_06.04", "course_9_06.05", "course_9_06.06"]}
{"course": "course_10", "videos": ["course_10_01.01", "course_10_02.01", "course_10_02.03", "course_10_03.01", "course_10_03.02", "course_10_03.03", "course_10_04.01", "course_10_05.01", "course_10_05.02", "course_10_06.01", "course_10_06.02", "course_10_06.03", "course_10_06.04", "course_10_07.01", "course_10_07.02", "course_10_08.01", "course_10_08.02", "course_10_09.01", "course_10_09.02", "course_10_09.03", "course_10_10.01", "course_10_10.02", "course_10_10.03", "course_10_10.04", "course_10_10.05", "course_10_10.06", "course_10_10.07", "course_10_10.08", "course_10_11.01", "course_10_11.02", "course_10_11.03", "course_10_11.04", "course_10_11.05", "course_10_11.06", "course_10_12.01", "course_10_12.02", "course_10_12.03", "course_10_13.01", "course_10_13.02", "course_10_13.03"]}
{"course": "course_11", "videos": ["course_11_01.01", "course_11_01.02", "course_11_01.03", "course_11_01.04", "course_11_01.05", "course_11_01.06", "course_11_01.07", "course_11_02.01", "course_11_02.02", "course_11_02.03", "course_11_02.04", "course_11_02.05", "course_11_02.06", "course_11_02.07", "course_11_02.08", "course_11_02.09", "course_11_02.10", "course_11_03.01", "course_11_03.02", "course_11_03.03", "course_11_03.04", "course_11_03.05", "course_11_03.06", "course_11_03.07", "course_11_03.08", "course_11_03.09", "course_11_03.10", "course_11_04.01", "course_11_04.02", "course_11_04.03", "course_11_05.01", "course_11_05.02", "course_11_05.03", "course_11_05.04", "course_11_05.05", "course_11_05.06", "course_11_06.01", "course_11_06.02", "course_11_06.03", "course_11_06.04", "course_11_06.05", "course_11_06.06", "course_11_06.07", "course_11_07.01", "course_11_07.02", "course_11_07.03", "course_11_07.04", "course_11_07.05", "course_11_07.06", "course_11_07.07", "course_11_08.01", "course_11_08.02", "course_11_08.03", "course_11_08.04", "course_11_09.01", "course_11_09.02", "course_11_09.03", "course_11_09.04", "course_11_09.05", "course_11_09.06", "course_11_10.01", "course_11_10.02", "course_11_10.03", "course_11_10.04", "course_11_11.01", "course_11_11.02", "course_11_11.03", "course_11_11.04", "course_11_11.05", "course_11_11.06", "course_11_12.01", "course_11_12.02", "course_11_12.03", "course_11_12.04", "course_11_13.01", "course_11_13.02", "course_11_13.03", "course_11_13.04", "course_11_13.05", "course_11_13.06", "course_11_14.01", "course_11_14.02", "course_11_14.03", "course_11_14.04", "course_11_14.05", "course_11_14.06", "course_11_15.01", "course_11_15.02", "course_11_15.03", "course_11_15.04", "course_11_15.05", "course_11_16.01", "course_11_16.02", "course_11_16.03", "course_11_16.04", "course_11_16.05", "course_11_16.06", "course_11_17.01", "course_11_17.02", "course_11_17.03", "course_11_18.01", "course_11_18.02", "course_11_18.03", "course_11_18.04", "course_11_18.05", "course_11_19.01", "course_11_19.02", "course_11_19.03", "course_11_19.04", "course_11_20.01", "course_11_20.02", "course_11_20.03", "course_11_20.04"]}
{"course": "course_12", "videos": ["course_12_01.01", "course_12_02.01", "course_12_02.02", "course_12_02.03", "course_12_02.04", "course_12_02.05", "course_12_03.01", "course_12_03.02", "course_12_03.03", "course_12_03.04", "course_12_03.05", "course_12_03.06", "course_12_03.07", "course_12_03.08", "course_12_04.01", "course_12_04.02", "course_12_04.03", "course_12_04.04", "course_12_04.05", "course_12_04.06", "course_12_04.07", "course_12_04.08", "course_12_05.01", "course_12_05.02", "course_12_05.03", "course_12_05.04", "course_12_05.05", "course_12_05.06", "course_12_06.01", "course_12_06.02", "course_12_06.03", "course_12_06.04", "course_12_06.05", "course_12_07.01", "course_12_07.02", "course_12_07.03", "course_12_07.04", "course_12_07.05", "course_12_07.06", "course_12_07.07"]}